<?xml version="1.0" encoding="UTF-8"?>
<project-private xmlns="http://www.netbeans.org/ns/project-private/1">
    <editor-bookmarks xmlns="http://www.netbeans.org/ns/editor-bookmarks/2" lastBookmarkId="0"/>
    <open-files xmlns="http://www.netbeans.org/ns/projectui-open-files/2">
        <group>
            <file>file:/Users/mr.blissfulgrin/Documents/Java/PEC3/Poker/src/classes/Baraja.java</file>
            <file>file:/Users/mr.blissfulgrin/Documents/Java/PEC3/Poker/src/classes/JugadorRegistrado.java</file>
            <file>file:/Users/mr.blissfulgrin/Documents/Java/PEC3/Poker/src/classes/OrdenaCartas.java</file>
            <file>file:/Users/mr.blissfulgrin/Documents/Java/PEC3/Poker/src/screens/Poker.java</file>
            <file>file:/Users/mr.blissfulgrin/Documents/Java/PEC3/Poker/src/screens/EstadisticaPersonal.java</file>
            <file>file:/Users/mr.blissfulgrin/Documents/Java/PEC3/Poker/src/classes/Carta.java</file>
            <file>file:/Users/mr.blissfulgrin/Documents/Java/PEC3/Poker/src/classes/CasaDeApuestas.java</file>
            <file>file:/Users/mr.blissfulgrin/Documents/Java/PEC3/Poker/src/screens/Dentro.java</file>
            <file>file:/Users/mr.blissfulgrin/Documents/Java/PEC3/Poker/src/screens/ErrorX.java</file>
            <file>file:/Users/mr.blissfulgrin/Documents/Java/PEC3/Poker/src/screens/Game.java</file>
            <file>file:/Users/mr.blissfulgrin/Documents/Java/PEC3/Poker/src/classes/Premio.java</file>
            <file>file:/Users/mr.blissfulgrin/Documents/Java/PEC3/Poker/src/classes/JugadorOcasional.java</file>
            <file>file:/Users/mr.blissfulgrin/Documents/Java/PEC3/Poker/src/screens/RegistrarOcasional.java</file>
            <file>file:/Users/mr.blissfulgrin/Documents/Java/PEC3/Poker/src/screens/Mesa.java</file>
            <file>file:/Users/mr.blissfulgrin/Documents/Java/PEC3/Poker/src/imgages/mano.png</file>
            <file>file:/Users/mr.blissfulgrin/Documents/Java/PEC3/Poker/src/screens/Fecha.java</file>
            <file>file:/Users/mr.blissfulgrin/Documents/Java/PEC3/Poker/src/screens/LogIn.java</file>
            <file>file:/Users/mr.blissfulgrin/Documents/Java/PEC3/Poker/src/classes/Ex.java</file>
            <file>file:/Users/mr.blissfulgrin/Documents/Java/PEC3/Poker/src/classes/Jugador.java</file>
            <file>file:/Users/mr.blissfulgrin/Documents/Java/PEC3/Poker/src/classes/ApuestaMesa.java</file>
            <file>file:/Users/mr.blissfulgrin/Documents/Java/PEC3/Poker/src/screens/Hecho.java</file>
            <file>file:/Users/mr.blissfulgrin/Documents/Java/PEC3/Poker/src/screens/RegistrarRegistrado.java</file>
            <file>file:/Users/mr.blissfulgrin/Documents/Java/PEC3/Poker/src/screens/Loading.java</file>
            <file>file:/Users/mr.blissfulgrin/Documents/Java/PEC3/Poker/src/screens/Eliminar.java</file>
            <file>file:/Users/mr.blissfulgrin/Documents/Java/PEC3/Poker/src/screens/NoRegistradoSaliente.java</file>
            <file>file:/Users/mr.blissfulgrin/Documents/Java/PEC3/Poker/src/screens/EXIT.java</file>
            <file>file:/Users/mr.blissfulgrin/Documents/Java/PEC3/Poker/src/classes/Premios.java</file>
            <file>file:/Users/mr.blissfulgrin/Documents/Java/PEC3/Poker/src/screens/Ver.java</file>
            <file>file:/Users/mr.blissfulgrin/Documents/Java/PEC3/Poker/src/screens/Warnning.java</file>
            <file>file:/Users/mr.blissfulgrin/Documents/Java/PEC3/Poker/src/screens/Admin.java</file>
            <file>file:/Users/mr.blissfulgrin/Documents/Java/PEC3/Poker/src/screens/Dinero.java</file>
        </group>
    </open-files>
</project-private>
